t,d,gdt
1,1,547402
1,2,548191
1,3,576494
1,4,726780
1,5,834287
1,6,851527
1,7,666390
1,8,827533
1,9,877922
1,10,883583
1,11,829010
1,12,716819
1,13,520296
1,14,599101
1,15,683602
2,1,592901
2,2,892979
2,3,575868
2,4,643706
2,5,870722
2,6,630664
2,7,553390
2,8,687153
2,9,527498
2,10,542218
2,11,725604
2,12,712289
2,13,739983
2,14,701454
2,15,512839
3,1,605308
3,2,861337
3,3,877280
3,4,764244
3,5,828207
3,6,505314
3,7,790752
3,8,725028
3,9,717165
3,10,563021
3,11,810312
3,12,596633
3,13,661308
3,14,715241
3,15,507916
4,1,880965
4,2,838515
4,3,628468
4,4,702557
4,5,669082
4,6,660700
4,7,593472
4,8,894498
4,9,866271
4,10,860009
4,11,546866
4,12,689758
4,13,777184
4,14,575702
4,15,715037
5,1,764286
5,2,583412
5,3,769947
5,4,522153
5,5,766941
5,6,521006
5,7,857014
5,8,661697
5,9,812665
5,10,892044
5,11,614172
5,12,766812
5,13,886726
5,14,851284
5,15,798628
6,1,678442
6,2,753725
6,3,863606
6,4,501965
6,5,799392
6,6,554692
6,7,682462
6,8,802966
6,9,594338
6,10,577390
6,11,898196
6,12,827336
6,13,841857
6,14,624126
6,15,783476
7,1,786472
7,2,690353
7,3,813072
7,4,870805
7,5,684134
7,6,724548
7,7,602438
7,8,722101
7,9,724028
7,10,624268
7,11,833929
7,12,849355
7,13,782703
7,14,715992
7,15,678877
8,1,712286
8,2,637684
8,3,671248
8,4,514180
8,5,739691
8,6,551635
8,7,874477
8,8,899916
8,9,533992
8,10,631660
8,11,527350
8,12,531484
8,13,755889
8,14,542874
8,15,656495
9,1,885076
9,2,551422
9,3,544470
9,4,731681
9,5,647426
9,6,520183
9,7,758295
9,8,725807
9,9,606853
9,10,600495
9,11,655282
9,12,753694
9,13,720537
9,14,870166
9,15,843420
10,1,873424
10,2,873493
10,3,698353
10,4,894197
10,5,746803
10,6,663190
10,7,766325
10,8,843743
10,9,643769
10,10,775410
10,11,882902
10,12,813287
10,13,753010
10,14,590545
10,15,765037
11,1,739078
11,2,782925
11,3,884587
11,4,743531
11,5,800314
11,6,541486
11,7,551595
11,8,614130
11,9,629477
11,10,604149
11,11,611921
11,12,792447
11,13,648207
11,14,833789
11,15,664727
12,1,637180
12,2,885782
12,3,618701
12,4,612812
12,5,883936
12,6,700897
12,7,590463
12,8,564440
12,9,868774
12,10,576510
12,11,873290
12,12,827023
12,13,554667
12,14,882848
12,15,799885
13,1,631143
13,2,514958
13,3,855951
13,4,846037
13,5,565640
13,6,739731
13,7,695648
13,8,574941
13,9,599751
13,10,758382
13,11,899502
13,12,641938
13,13,789193
13,14,649112
13,15,513489
14,1,833766
14,2,547014
14,3,675745
14,4,523821
14,5,720681
14,6,509390
14,7,729503
14,8,826910
14,9,612453
14,10,559606
14,11,662346
14,12,529193
14,13,590121
14,14,868372
14,15,746968
15,1,648435
15,2,888034
15,3,548831
15,4,733760
15,5,672113
15,6,551338
15,7,700728
15,8,805166
15,9,564011
15,10,810423
15,11,791139
15,12,663039
15,13,512366
15,14,899035
15,15,721937
16,1,651685
16,2,726986
16,3,882967
16,4,639937
16,5,519790
16,6,700573
16,7,551394
16,8,735122
16,9,620960
16,10,789149
16,11,505670
16,12,630593
16,13,636241
16,14,621577
16,15,641896
17,1,734606
17,2,526542
17,3,753870
17,4,591275
17,5,734109
17,6,503098
17,7,760112
17,8,731027
17,9,527790
17,10,840172
17,11,696476
17,12,538272
17,13,557919
17,14,543668
17,15,691055
18,1,507958
18,2,827410
18,3,890125
18,4,673825
18,5,737126
18,6,766314
18,7,519915
18,8,792758
18,9,554853
18,10,589135
18,11,665302
18,12,720689
18,13,711324
18,14,530072
18,15,665158
19,1,604208
19,2,689762
19,3,538728
19,4,524554
19,5,842552
19,6,584130
19,7,542377
19,8,522211
19,9,750443
19,10,502128
19,11,663605
19,12,565055
19,13,898058
19,14,836501
19,15,789172
20,1,829879
20,2,754573
20,3,654930
20,4,728255
20,5,597474
20,6,820865
20,7,758507
20,8,551702
20,9,653975
20,10,551857
20,11,662645
20,12,764469
20,13,841545
20,14,841917
20,15,736351
21,1,558466
21,2,861636
21,3,893167
21,4,809595
21,5,599672
21,6,724497
21,7,645069
21,8,818464
21,9,694596
21,10,599403
21,11,710980
21,12,841356
21,13,667022
21,14,693163
21,15,712031
22,1,558429
22,2,699655
22,3,739648
22,4,825129
22,5,535283
22,6,591885
22,7,782088
22,8,720514
22,9,732733
22,10,779603
22,11,824504
22,12,692149
22,13,732667
22,14,630870
22,15,708400
23,1,558950
23,2,509854
23,3,799501
23,4,587530
23,5,675259
23,6,684219
23,7,501380
23,8,560636
23,9,825971
23,10,828506
23,11,844516
23,12,835935
23,13,529580
23,14,530212
23,15,803358
24,1,559153
24,2,626711
24,3,737967
24,4,729528
24,5,865217
24,6,615321
24,7,835728
24,8,860500
24,9,612381
24,10,720567
24,11,679066
24,12,519920
24,13,554914
24,14,861583
24,15,757223
25,1,617997
25,2,747405
25,3,762088
25,4,610702
25,5,554008
25,6,762091
25,7,688024
25,8,844604
25,9,521288
25,10,588115
25,11,519365
25,12,662682
25,13,564283
25,14,781757
25,15,827145
26,1,873147
26,2,580569
26,3,629600
26,4,875876
26,5,856142
26,6,600996
26,7,810799
26,8,765868
26,9,579650
26,10,790683
26,11,521832
26,12,742683
26,13,712775
26,14,626442
26,15,549749
27,1,568362
27,2,513460
27,3,752777
27,4,607706
27,5,582973
27,6,630587
27,7,820563
27,8,506789
27,9,564811
27,10,732598
27,11,654355
27,12,676655
27,13,625056
27,14,797341
27,15,886099
28,1,771488
28,2,865249
28,3,568333
28,4,658828
28,5,672281
28,6,630742
28,7,578012
28,8,654737
28,9,573583
28,10,518769
28,11,810707
28,12,870545
28,13,683204
28,14,565644
28,15,642408
29,1,649893
29,2,653102
29,3,896017
29,4,553087
29,5,562763
29,6,637207
29,7,753977
29,8,676821
29,9,776569
29,10,780158
29,11,508783
29,12,840735
29,13,684597
29,14,849175
29,15,582845
30,1,536843
30,2,522805
30,3,687514
30,4,543218
30,5,832468
30,6,758604
30,7,503003
30,8,797625
30,9,575827
30,10,542737
30,11,629996
30,12,799305
30,13,714631
30,14,879246
30,15,599198
31,1,522815
31,2,597438
31,3,664422
31,4,515022
31,5,841545
31,6,712354
31,7,644997
31,8,887988
31,9,890842
31,10,615549
31,11,887046
31,12,802005
31,13,766103
31,14,643666
31,15,877387
32,1,818294
32,2,798600
32,3,873516
32,4,636188
32,5,693550
32,6,677033
32,7,814007
32,8,559941
32,9,863029
32,10,602001
32,11,516331
32,12,721834
32,13,548844
32,14,682234
32,15,716698
33,1,640586
33,2,875672
33,3,516603
33,4,522220
33,5,736384
33,6,688926
33,7,812103
33,8,679126
33,9,822430
33,10,564631
33,11,649506
33,12,897730
33,13,653576
33,14,846004
33,15,787969
34,1,581104
34,2,743844
34,3,745561
34,4,587108
34,5,699695
34,6,561728
34,7,518285
34,8,525707
34,9,867789
34,10,771056
34,11,765513
34,12,784565
34,13,511920
34,14,561328
34,15,717310
35,1,520829
35,2,878300
35,3,629142
35,4,554145
35,5,865501
35,6,857916
35,7,698317
35,8,884368
35,9,597347
35,10,836233
35,11,692340
35,12,818605
35,13,673336
35,14,590664
35,15,552716
36,1,529505
36,2,704280
36,3,889187
36,4,708174
36,5,649637
36,6,741893
36,7,528909
36,8,767665
36,9,668290
36,10,869325
36,11,729560
36,12,569552
36,13,680913
36,14,598645
36,15,726003
37,1,649033
37,2,814059
37,3,804442
37,4,717606
37,5,684682
37,6,679816
37,7,772513
37,8,650659
37,9,643213
37,10,668265
37,11,613281
37,12,639768
37,13,698863
37,14,780059
37,15,848768
38,1,896306
38,2,762766
38,3,665116
38,4,801472
38,5,864731
38,6,774624
38,7,516770
38,8,541591
38,9,854719
38,10,789193
38,11,835135
38,12,608121
38,13,855576
38,14,649238
38,15,870935
39,1,712711
39,2,873007
39,3,851748
39,4,837971
39,5,559004
39,6,825592
39,7,756156
39,8,836710
39,9,610411
39,10,571294
39,11,870667
39,12,501368
39,13,542800
39,14,877975
39,15,827191
40,1,670196
40,2,728425
40,3,642453
40,4,807916
40,5,604913
40,6,880911
40,7,774270
40,8,882135
40,9,559410
40,10,505507
40,11,759448
40,12,756706
40,13,892784
40,14,711639
40,15,746372
41,1,715546
41,2,504671
41,3,608650
41,4,843555
41,5,864833
41,6,732515
41,7,579646
41,8,513293
41,9,560675
41,10,849317
41,11,503479
41,12,814189
41,13,806182
41,14,679250
41,15,513282
42,1,765985
42,2,859731
42,3,865379
42,4,750097
42,5,757407
42,6,670863
42,7,881833
42,8,721323
42,9,823650
42,10,815444
42,11,856204
42,12,683965
42,13,790219
42,14,832999
42,15,846929
43,1,525964
43,2,870099
43,3,767565
43,4,682367
43,5,528358
43,6,681326
43,7,670807
43,8,591469
43,9,769236
43,10,844543
43,11,724855
43,12,849688
43,13,794843
43,14,855393
43,15,623277
44,1,807306
44,2,572150
44,3,757364
44,4,668644
44,5,662848
44,6,558157
44,7,825183
44,8,743385
44,9,522411
44,10,671545
44,11,634901
44,12,622533
44,13,863299
44,14,545877
44,15,896713
45,1,537627
45,2,784594
45,3,639613
45,4,773214
45,5,744072
45,6,840972
45,7,885608
45,8,860194
45,9,786322
45,10,730162
45,11,811397
45,12,650047
45,13,668470
45,14,573577
45,15,571376
46,1,556123
46,2,870195
46,3,638506
46,4,586600
46,5,809292
46,6,788117
46,7,822089
46,8,701022
46,9,867929
46,10,560659
46,11,566984
46,12,687377
46,13,655129
46,14,664032
46,15,725616
47,1,791828
47,2,886228
47,3,694593
47,4,837138
47,5,720653
47,6,506391
47,7,508529
47,8,791226
47,9,617218
47,10,871457
47,11,781618
47,12,645629
47,13,753663
47,14,646757
47,15,788271
48,1,647235
48,2,769490
48,3,876921
48,4,573312
48,5,873677
48,6,811183
48,7,652379
48,8,719707
48,9,542166
48,10,554986
48,11,814577
48,12,895011
48,13,593073
48,14,763564
48,15,681478
49,1,714369
49,2,657774
49,3,592529
49,4,561645
49,5,794982
49,6,623599
49,7,852329
49,8,686292
49,9,766201
49,10,725166
49,11,761974
49,12,648592
49,13,608131
49,14,622039
49,15,710680
50,1,803262
50,2,616363
50,3,533213
50,4,892993
50,5,727404
50,6,651741
50,7,740840
50,8,684214
50,9,896974
50,10,674198
50,11,704626
50,12,680420
50,13,551645
50,14,737971
50,15,686333
51,1,850300
51,2,790683
51,3,704724
51,4,573934
51,5,520778
51,6,557910
51,7,597776
51,8,714139
51,9,759349
51,10,513467
51,11,765478
51,12,756569
51,13,794271
51,14,806079
51,15,511503
52,1,684366
52,2,642137
52,3,894495
52,4,663092
52,5,564512
52,6,761562
52,7,629696
52,8,717315
52,9,749899
52,10,768008
52,11,868293
52,12,569138
52,13,586262
52,14,644300
52,15,576254
53,1,709728
53,2,527969
53,3,777676
53,4,866224
53,5,741386
53,6,849681
53,7,518176
53,8,754696
53,9,856707
53,10,857605
53,11,505755
53,12,789558
53,13,847804
53,14,712414
53,15,597207
54,1,873546
54,2,651420
54,3,750462
54,4,524107
54,5,694535
54,6,631451
54,7,556001
54,8,735141
54,9,874884
54,10,600893
54,11,866641
54,12,842629
54,13,800740
54,14,783290
54,15,768692
55,1,798060
55,2,519382
55,3,879518
55,4,752021
55,5,853484
55,6,767529
55,7,850665
55,8,801062
55,9,782569
55,10,874067
55,11,590462
55,12,720999
55,13,759771
55,14,512836
55,15,579248
56,1,781968
56,2,838687
56,3,578082
56,4,863845
56,5,871874
56,6,690533
56,7,659743
56,8,788429
56,9,639346
56,10,877180
56,11,500105
56,12,586569
56,13,577799
56,14,745206
56,15,616656
57,1,807180
57,2,525076
57,3,768912
57,4,824604
57,5,741021
57,6,692545
57,7,753199
57,8,833059
57,9,583649
57,10,867818
57,11,629364
57,12,601168
57,13,865465
57,14,500366
57,15,870710
58,1,679806
58,2,767805
58,3,840801
58,4,632032
58,5,859822
58,6,656397
58,7,597755
58,8,862675
58,9,821202
58,10,759360
58,11,847176
58,12,777158
58,13,794158
58,14,772876
58,15,619155
59,1,852652
59,2,651285
59,3,871470
59,4,816358
59,5,664736
59,6,797804
59,7,875416
59,8,891521
59,9,730384
59,10,846748
59,11,603857
59,12,652233
59,13,758148
59,14,889620
59,15,854044
60,1,222282
60,2,78541
60,3,173652
60,4,196983
60,5,226448
60,6,215984
60,7,128709
60,8,114451
60,9,75251
60,10,138164
60,11,111186
60,12,161371
60,13,178312
60,14,169934
60,15,214144
61,1,239900
61,2,113119
61,3,269417
61,4,195282
61,5,159370
61,6,148024
61,7,267945
61,8,113844
61,9,297843
61,10,256300
61,11,264267
61,12,104413
61,13,96772
61,14,212756
61,15,124557
62,1,208586
62,2,109456
62,3,286072
62,4,178799
62,5,110774
62,6,232708
62,7,105983
62,8,214318
62,9,262337
62,10,248279
62,11,83115
62,12,207659
62,13,120852
62,14,88819
62,15,96885
63,1,203952
63,2,268270
63,3,251689
63,4,131117
63,5,154432
63,6,207836
63,7,281066
63,8,120177
63,9,207582
63,10,173330
63,11,214501
63,12,222510
63,13,273198
63,14,256806
63,15,286554
64,1,228710
64,2,212512
64,3,264730
64,4,298613
64,5,242216
64,6,228396
64,7,253449
64,8,226571
64,9,268232
64,10,139425
64,11,116202
64,12,131407
64,13,97121
64,14,273915
64,15,282101
65,1,117578
65,2,253325
65,3,295864
65,4,90099
65,5,75346
65,6,166422
65,7,244764
65,8,292479
65,9,164225
65,10,228754
65,11,158254
65,12,142550
65,13,153075
65,14,278021
65,15,130206
66,1,199895
66,2,287065
66,3,129177
66,4,122578
66,5,212875
66,6,124235
66,7,166599
66,8,122710
66,9,140134
66,10,190894
66,11,273860
66,12,285666
66,13,102194
66,14,202227
66,15,77376
67,1,179859
67,2,178786
67,3,229562
67,4,213814
67,5,292173
67,6,96738
67,7,173444
67,8,138110
67,9,103730
67,10,177466
67,11,153797
67,12,153723
67,13,154470
67,14,204981
67,15,119474
68,1,169632
68,2,138754
68,3,238319
68,4,178849
68,5,254669
68,6,278123
68,7,236508
68,8,257713
68,9,279515
68,10,104681
68,11,234687
68,12,232428
68,13,170502
68,14,172752
68,15,155284
69,1,101391
69,2,223568
69,3,269671
69,4,132986
69,5,264955
69,6,235140
69,7,137338
69,8,261290
69,9,130338
69,10,202778
69,11,121939
69,12,165237
69,13,117786
69,14,199194
69,15,216835
70,1,233504
70,2,280339
70,3,237829
70,4,203413
70,5,96464
70,6,104656
70,7,186686
70,8,79991
70,9,134586
70,10,100837
70,11,115159
70,12,228148
70,13,263233
70,14,241517
70,15,221309
71,1,227603
71,2,188091
71,3,201516
71,4,76754
71,5,159470
71,6,239946
71,7,219184
71,8,81466
71,9,174503
71,10,176656
71,11,255609
71,12,196597
71,13,220532
71,14,251047
71,15,169222
72,1,124143
72,2,192126
72,3,106380
72,4,214947
72,5,129869
72,6,222127
72,7,170555
72,8,236021
72,9,210568
72,10,150533
72,11,107720
72,12,191778
72,13,239014
72,14,271572
72,15,214666
73,1,266877
73,2,170904
73,3,247367
73,4,171654
73,5,260144
73,6,118502
73,7,225822
73,8,203873
73,9,145327
73,10,275049
73,11,287323
73,12,251693
73,13,238279
73,14,231743
73,15,181583
74,1,115408
74,2,275427
74,3,120348
74,4,216791
74,5,210461
74,6,120491
74,7,286956
74,8,122705
74,9,162376
74,10,215198
74,11,126208
74,12,234701
74,13,178485
74,14,142701
74,15,178994
75,1,279587
75,2,199965
75,3,190476
75,4,268197
75,5,183051
75,6,77770
75,7,104996
75,8,111178
75,9,114010
75,10,222926
75,11,142230
75,12,237456
75,13,284455
75,14,131638
75,15,141779
76,1,265975
76,2,209366
76,3,130284
76,4,202616
76,5,231649
76,6,157579
76,7,85902
76,8,87085
76,9,230419
76,10,208754
76,11,248774
76,12,214260
76,13,104038
76,14,262911
76,15,231569
77,1,210399
77,2,82797
77,3,199055
77,4,144743
77,5,277261
77,6,190952
77,7,107734
77,8,137461
77,9,197922
77,10,212441
77,11,293738
77,12,156406
77,13,168051
77,14,230258
77,15,255681
78,1,129637
78,2,214636
78,3,142770
78,4,275122
78,5,188099
78,6,230446
78,7,103830
78,8,98839
78,9,118773
78,10,183952
78,11,263394
78,12,92464
78,13,288299
78,14,142192
78,15,98674
79,1,245711
79,2,245344
79,3,298986
79,4,147775
79,5,269706
79,6,189609
79,7,100878
79,8,183011
79,9,147191
79,10,83491
79,11,150793
79,12,218256
79,13,256789
79,14,297598
79,15,295523
80,1,99434
80,2,259606
80,3,99266
80,4,181715
80,5,97319
80,6,224880
80,7,290158
80,8,198987
80,9,269119
80,10,173076
80,11,274180
80,12,268220
80,13,253238
80,14,178076
80,15,174933
81,1,254097
81,2,99337
81,3,246165
81,4,203752
81,5,276770
81,6,89948
81,7,278219
81,8,266204
81,9,81447
81,10,217937
81,11,267804
81,12,129093
81,13,253625
81,14,268732
81,15,133074
82,1,272532
82,2,251090
82,3,133354
82,4,261139
82,5,162214
82,6,248431
82,7,228162
82,8,234776
82,9,205112
82,10,263206
82,11,286457
82,12,288450
82,13,157347
82,14,103466
82,15,105653
83,1,240968
83,2,161903
83,3,209398
83,4,183661
83,5,168781
83,6,162374
83,7,100324
83,8,239937
83,9,269600
83,10,108969
83,11,165401
83,12,299903
83,13,99031
83,14,242063
83,15,277187
84,1,166490
84,2,83451
84,3,153903
84,4,143727
84,5,98766
84,6,272776
84,7,196196
84,8,213238
84,9,126489
84,10,116375
84,11,280368
84,12,273078
84,13,207109
84,14,111808
84,15,266714
85,1,164147
85,2,274148
85,3,212561
85,4,185654
85,5,220957
85,6,257670
85,7,224058
85,8,201375
85,9,231804
85,10,116995
85,11,167077
85,12,105666
85,13,294311
85,14,288094
85,15,90972
86,1,85090
86,2,217683
86,3,293365
86,4,77688
86,5,78421
86,6,266587
86,7,298076
86,8,143300
86,9,205990
86,10,145359
86,11,274948
86,12,239734
86,13,121155
86,14,78231
86,15,264407
87,1,181404
87,2,104658
87,3,150859
87,4,173594
87,5,262669
87,6,283229
87,7,240013
87,8,234165
87,9,164405
87,10,164343
87,11,98823
87,12,151043
87,13,86431
87,14,272353
87,15,256369
88,1,173617
88,2,162488
88,3,83181
88,4,247482
88,5,206422
88,6,242040
88,7,138747
88,8,281149
88,9,170635
88,10,209508
88,11,180519
88,12,280576
88,13,243806
88,14,169727
88,15,121757
89,1,225047
89,2,134070
89,3,200487
89,4,265616
89,5,186009
89,6,178436
89,7,170097
89,8,194404
89,9,112855
89,10,116421
89,11,249855
89,12,228427
89,13,123034
89,14,127089
89,15,111572
90,1,160245
90,2,162001
90,3,247842
90,4,170169
90,5,246358
90,6,144129
90,7,262725
90,8,84715
90,9,210675
90,10,246424
90,11,258265
90,12,88180
90,13,80156
90,14,152632
90,15,258030
91,1,218205
91,2,180097
91,3,228272
91,4,97923
91,5,120683
91,6,270344
91,7,258885
91,8,104492
91,9,156462
91,10,154015
91,11,130718
91,12,133675
91,13,238310
91,14,126202
91,15,247176
92,1,124696
92,2,229505
92,3,186693
92,4,299642
92,5,250860
92,6,161959
92,7,224175
92,8,157229
92,9,127165
92,10,282934
92,11,81745
92,12,253413
92,13,256303
92,14,145944
92,15,149009
93,1,244981
93,2,273956
93,3,244596
93,4,277100
93,5,142820
93,6,168930
93,7,122249
93,8,180823
93,9,176182
93,10,232698
93,11,251773
93,12,213650
93,13,150055
93,14,288185
93,15,204944
94,1,199323
94,2,295100
94,3,191356
94,4,222268
94,5,272829
94,6,133854
94,7,296511
94,8,178775
94,9,156482
94,10,267714
94,11,291311
94,12,161064
94,13,93073
94,14,123331
94,15,189411
95,1,217081
95,2,267648
95,3,178322
95,4,135578
95,5,194880
95,6,132545
95,7,293900
95,8,169210
95,9,102409
95,10,181602
95,11,200624
95,12,249811
95,13,101470
95,14,180402
95,15,80761
96,1,238776
96,2,110461
96,3,189901
96,4,80708
96,5,157971
96,6,254407
96,7,181297
96,8,92333
96,9,79864
96,10,204406
96,11,210853
96,12,183113
96,13,247674
96,14,296239
96,15,163085
97,1,101721
97,2,229667
97,3,76365
97,4,165705
97,5,96745
97,6,102490
97,7,167877
97,8,80495
97,9,184714
97,10,191616
97,11,142571
97,12,178033
97,13,274427
97,14,128245
97,15,192721
98,1,233188
98,2,248611
98,3,295844
98,4,294376
98,5,167942
98,6,260601
98,7,102881
98,8,149160
98,9,208498
98,10,234406
98,11,253617
98,12,133788
98,13,195637
98,14,217296
98,15,152493
99,1,88798
99,2,270385
99,3,111715
99,4,207095
99,5,92227
99,6,166423
99,7,279141
99,8,140074
99,9,105595
99,10,202797
99,11,198263
99,12,172954
99,13,99117
99,14,279430
99,15,296511
100,1,246538
100,2,123843
100,3,186986
100,4,185770
100,5,96001
100,6,193329
100,7,226576
100,8,241420
100,9,284294
100,10,155952
100,11,123213
100,12,234510
100,13,252091
100,14,298039
100,15,210788
101,1,106127
101,2,202492
101,3,210237
101,4,279134
101,5,239834
101,6,210135
101,7,132006
101,8,165076
101,9,265902
101,10,181324
101,11,228747
101,12,271295
101,13,203363
101,14,175318
101,15,287571
102,1,105292
102,2,294911
102,3,76350
102,4,171331
102,5,94636
102,6,292195
102,7,113679
102,8,218587
102,9,140516
102,10,247943
102,11,255658
102,12,244653
102,13,241532
102,14,198364
102,15,209478
103,1,106382
103,2,170961
103,3,109231
103,4,214619
103,5,257231
103,6,240155
103,7,197228
103,8,199244
103,9,155669
103,10,297311
103,11,156072
103,12,164369
103,13,191937
103,14,204668
103,15,222129
104,1,197939
104,2,220765
104,3,170210
104,4,111849
104,5,84352
104,6,186706
104,7,213241
104,8,133705
104,9,177222
104,10,218544
104,11,94347
104,12,83428
104,13,272298
104,14,255359
104,15,282642
105,1,203808
105,2,128488
105,3,267345
105,4,292286
105,5,155758
105,6,285665
105,7,241786
105,8,123371
105,9,258944
105,10,97113
105,11,173898
105,12,269789
105,13,293764
105,14,214992
105,15,184140
106,1,137601
106,2,99184
106,3,259508
106,4,123561
106,5,117476
106,6,158041
106,7,93153
106,8,92852
106,9,263112
106,10,240759
106,11,216190
106,12,181386
106,13,123763
106,14,149804
106,15,141301
107,1,287371
107,2,139191
107,3,299870
107,4,258340
107,5,230066
107,6,166682
107,7,229967
107,8,280541
107,9,123021
107,10,120945
107,11,75935
107,12,267728
107,13,97148
107,14,292181
107,15,105449
108,1,219151
108,2,193960
108,3,294907
108,4,132807
108,5,221827
108,6,178594
108,7,268605
108,8,282150
108,9,258105
108,10,281063
108,11,97301
108,12,180792
108,13,174451
108,14,119793
108,15,294751
109,1,281872
109,2,216554
109,3,215077
109,4,276776
109,5,146662
109,6,263203
109,7,241152
109,8,99800
109,9,197484
109,10,158725
109,11,197058
109,12,265475
109,13,206489
109,14,92557
109,15,265907
110,1,117089
110,2,161656
110,3,109916
110,4,209170
110,5,288013
110,6,115686
110,7,120644
110,8,85661
110,9,191233
110,10,194311
110,11,285747
110,12,133622
110,13,194404
110,14,226413
110,15,182515
111,1,92396
111,2,114703
111,3,116592
111,4,252991
111,5,139342
111,6,216090
111,7,269502
111,8,276296
111,9,263074
111,10,159502
111,11,116425
111,12,284217
111,13,226573
111,14,274421
111,15,110248
112,1,220165
112,2,172013
112,3,171923
112,4,115682
112,5,226195
112,6,255117
112,7,237503
112,8,262006
112,9,287507
112,10,280954
112,11,199679
112,12,195582
112,13,245081
112,14,90084
112,15,224210
113,1,179084
113,2,137415
113,3,247276
113,4,287076
113,5,135177
113,6,194550
113,7,121925
113,8,137168
113,9,108794
113,10,273014
113,11,124574
113,12,161990
113,13,236760
113,14,135202
113,15,137223
114,1,102146
114,2,160670
114,3,227238
114,4,83853
114,5,156879
114,6,209263
114,7,287245
114,8,190633
114,9,111848
114,10,250351
114,11,269331
114,12,188236
114,13,153314
114,14,174707
114,15,213654
115,1,96826
115,2,298710
115,3,162651
115,4,196236
115,5,155446
115,6,94128
115,7,132549
115,8,170183
115,9,108457
115,10,262864
115,11,140348
115,12,110160
115,13,93118
115,14,77130
115,15,106175
116,1,282419
116,2,171825
116,3,157166
116,4,227618
116,5,111502
116,6,113209
116,7,79563
116,8,246321
116,9,102894
116,10,187314
116,11,81163
116,12,269334
116,13,284034
116,14,198694
116,15,275460
117,1,232314
117,2,110884
117,3,113946
117,4,225613
117,5,213327
117,6,253100
117,7,198746
117,8,259205
117,9,252650
117,10,189335
117,11,165122
117,12,146316
117,13,96405
117,14,87264
117,15,229815
118,1,205960
118,2,106686
118,3,198522
118,4,291615
118,5,254418
118,6,148004
118,7,254507
118,8,95450
118,9,230068
118,10,131589
118,11,147280
118,12,187027
118,13,247763
118,14,247754
118,15,157983
119,1,266658
119,2,146319
119,3,188565
119,4,173663
119,5,145663
119,6,109656
119,7,127266
119,8,265482
119,9,249273
119,10,90637
119,11,158233
119,12,255054
119,13,82883
119,14,87307
119,15,186710
120,1,200337
120,2,127359
120,3,273590
120,4,234221
120,5,246206
120,6,211861
120,7,299812
120,8,205785
120,9,127301
120,10,290800
120,11,272306
120,12,149873
120,13,229225
120,14,114224
120,15,240037
121,1,213050
121,2,261649
121,3,140745
121,4,218588
121,5,255629
121,6,107978
121,7,94903
121,8,92990
121,9,197571
121,10,147192
121,11,220599
121,12,152319
121,13,116368
121,14,236997
121,15,121291
122,1,238859
122,2,161553
122,3,120652
122,4,191175
122,5,277200
122,6,228821
122,7,95199
122,8,216703
122,9,123067
122,10,93800
122,11,280763
122,12,271710
122,13,209106
122,14,202394
122,15,248473
123,1,143891
123,2,282075
123,3,107809
123,4,173259
123,5,291161
123,6,165015
123,7,203248
123,8,119479
123,9,142076
123,10,237042
123,11,237650
123,12,160597
123,13,148334
123,14,94779
123,15,141474
124,1,254910
124,2,217780
124,3,206011
124,4,110597
124,5,134220
124,6,169837
124,7,165740
124,8,243673
124,9,178215
124,10,221413
124,11,98037
124,12,96714
124,13,274565
124,14,293445
124,15,126680
125,1,106103
125,2,256004
125,3,124512
125,4,142518
125,5,289462
125,6,137571
125,7,271757
125,8,230606
125,9,280820
125,10,261389
125,11,81571
125,12,100969
125,13,203863
125,14,206431
125,15,185659
126,1,138418
126,2,109260
126,3,171686
126,4,147454
126,5,276045
126,6,231980
126,7,152564
126,8,152630
126,9,234551
126,10,257069
126,11,268589
126,12,256871
126,13,117308
126,14,160656
126,15,104862
127,1,135660
127,2,78838
127,3,164535
127,4,216194
127,5,287824
127,6,294470
127,7,158564
127,8,250422
127,9,291091
127,10,179099
127,11,296827
127,12,297328
127,13,119537
127,14,99919
127,15,110299
128,1,151685
128,2,263943
128,3,243995
128,4,297177
128,5,213119
128,6,131745
128,7,172715
128,8,293229
128,9,123991
128,10,279878
128,11,100179
128,12,172818
128,13,273152
128,14,152631
128,15,177768
129,1,242498
129,2,240474
129,3,208199
129,4,260530
129,5,283692
129,6,75467
129,7,194945
129,8,80768
129,9,114849
129,10,199668
129,11,272268
129,12,220932
129,13,193593
129,14,128689
129,15,294261
130,1,128278
130,2,169357
130,3,239350
130,4,95892
130,5,102536
130,6,116589
130,7,86605
130,8,124667
130,9,153880
130,10,171694
130,11,265947
130,12,162091
130,13,111638
130,14,81636
130,15,129877
131,1,79552
131,2,110581
131,3,273738
131,4,240286
131,5,186325
131,6,97166
131,7,147562
131,8,76495
131,9,257002
131,10,256863
131,11,117869
131,12,106468
131,13,90619
131,14,180751
131,15,223534
132,1,144830
132,2,195323
132,3,248233
132,4,183392
132,5,270082
132,6,151695
132,7,159289
132,8,77282
132,9,218834
132,10,123783
132,11,113516
132,12,159810
132,13,254232
132,14,181184
132,15,164698
133,1,130425
133,2,123391
133,3,248962
133,4,228603
133,5,264795
133,6,233781
133,7,229537
133,8,187179
133,9,156124
133,10,191094
133,11,132454
133,12,97965
133,13,149689
133,14,102685
133,15,246978
134,1,218852
134,2,261902
134,3,118122
134,4,93348
134,5,258686
134,6,292335
134,7,193249
134,8,282389
134,9,288586
134,10,254195
134,11,196673
134,12,77081
134,13,173548
134,14,299605
134,15,212260
135,1,117960
135,2,166426
135,3,285439
135,4,139440
135,5,224451
135,6,267429
135,7,93630
135,8,186825
135,9,113381
135,10,90698
135,11,138634
135,12,171900
135,13,130977
135,14,120242
135,15,198858
136,1,210975
136,2,178925
136,3,166796
136,4,215285
136,5,150195
136,6,148011
136,7,219482
136,8,92163
136,9,256193
136,10,119603
136,11,90671
136,12,249620
136,13,118098
136,14,104959
136,15,84356
137,1,198082
137,2,80616
137,3,222747
137,4,86785
137,5,297198
137,6,117980
137,7,120903
137,8,148161
137,9,202358
137,10,297535
137,11,227398
137,12,242308
137,13,148720
137,14,208288
137,15,89256
138,1,145421
138,2,225771
138,3,218996
138,4,190254
138,5,106561
138,6,196522
138,7,178169
138,8,299819
138,9,294386
138,10,172284
138,11,88053
138,12,267811
138,13,188559
138,14,209013
138,15,117565
139,1,254712
139,2,172558
139,3,77985
139,4,234057
139,5,200283
139,6,149710
139,7,159550
139,8,171136
139,9,266255
139,10,251712
139,11,84681
139,12,75372
139,13,165293
139,14,118975
139,15,140444
140,1,151228
140,2,79363
140,3,88775
140,4,114616
140,5,118193
140,6,281099
140,7,230978
140,8,173654
140,9,133380
140,10,208297
140,11,174570
140,12,115982
140,13,96573
140,14,119104
140,15,101990
141,1,197704
141,2,281087
141,3,85892
141,4,271455
141,5,145188
141,6,134254
141,7,100995
141,8,107989
141,9,237282
141,10,183363
141,11,89918
141,12,129558
141,13,99720
141,14,81572
141,15,173942
142,1,186020
142,2,181185
142,3,164980
142,4,248839
142,5,206211
142,6,161504
142,7,136053
142,8,120836
142,9,239949
142,10,141798
142,11,106416
142,12,78887
142,13,193559
142,14,96605
142,15,210670
143,1,254635
143,2,139735
143,3,244729
143,4,164674
143,5,209669
143,6,208933
143,7,180777
143,8,119935
143,9,83121
143,10,211945
143,11,286565
143,12,143141
143,13,222191
143,14,178315
143,15,226912
144,1,269266
144,2,77867
144,3,257324
144,4,213465
144,5,125834
144,6,80854
144,7,227663
144,8,290345
144,9,290636
144,10,164000
144,11,196738
144,12,83516
144,13,179104
144,14,286894
144,15,124547
145,1,247717
145,2,245741
145,3,151769
145,4,253072
145,5,285729
145,6,282595
145,7,124517
145,8,174965
145,9,152855
145,10,294063
145,11,163085
145,12,290344
145,13,135746
145,14,213199
145,15,289763
146,1,293493
146,2,164309
146,3,98215
146,4,123829
146,5,134654
146,6,201895
146,7,263386
146,8,229150
146,9,128021
146,10,245101
146,11,285916
146,12,181522
146,13,160167
146,14,259569
146,15,186654
147,1,272050
147,2,199870
147,3,239119
147,4,163253
147,5,170040
147,6,118913
147,7,286980
147,8,220557
147,9,119054
147,10,122459
147,11,231169
147,12,261625
147,13,143895
147,14,171378
147,15,108583
148,1,242377
148,2,91078
148,3,292109
148,4,87439
148,5,299803
148,6,103799
148,7,288435
148,8,98504
148,9,226184
148,10,134742
148,11,138217
148,12,291189
148,13,130671
148,14,209249
148,15,202561
149,1,151580
149,2,250320
149,3,262737
149,4,136194
149,5,172484
149,6,227881
149,7,273780
149,8,102581
149,9,115353
149,10,87084
149,11,115794
149,12,201739
149,13,129287
149,14,76544
149,15,133461
150,1,177517
150,2,141035
150,3,78479
150,4,93183
150,5,136326
150,6,292846
150,7,209994
150,8,105171
150,9,241839
150,10,230106
150,11,184432
150,12,174541
150,13,159453
150,14,296951
150,15,147369
151,1,138331
151,2,283110
151,3,196708
151,4,281007
151,5,184500
151,6,216322
151,7,149208
151,8,255862
151,9,282905
151,10,87968
151,11,181884
151,12,167431
151,13,136234
151,14,150893
151,15,126226
152,1,177810
152,2,139180
152,3,294090
152,4,271011
152,5,134220
152,6,98454
152,7,189597
152,8,142947
152,9,93441
152,10,259483
152,11,295103
152,12,146411
152,13,203941
152,14,178915
152,15,264548
153,1,87788
153,2,236558
153,3,231708
153,4,214365
153,5,282200
153,6,98977
153,7,292719
153,8,170218
153,9,223471
153,10,98490
153,11,272485
153,12,253028
153,13,91546
153,14,272940
153,15,162138
154,1,185812
154,2,218866
154,3,209827
154,4,182502
154,5,256011
154,6,128213
154,7,123998
154,8,186235
154,9,98141
154,10,111263
154,11,298991
154,12,262572
154,13,213778
154,14,125826
154,15,152646
155,1,135688
155,2,189218
155,3,214605
155,4,229660
155,5,97474
155,6,239799
155,7,75378
155,8,197898
155,9,117120
155,10,203782
155,11,246261
155,12,180880
155,13,268567
155,14,233722
155,15,138813
156,1,127805
156,2,210575
156,3,259908
156,4,161814
156,5,171383
156,6,99844
156,7,126354
156,8,147871
156,9,98691
156,10,276023
156,11,228543
156,12,133771
156,13,255765
156,14,177108
156,15,200796
157,1,298304
157,2,172547
157,3,256492
157,4,231925
157,5,171378
157,6,281716
157,7,248522
157,8,103518
157,9,144599
157,10,108787
157,11,245023
157,12,247857
157,13,222363
157,14,197767
157,15,246532
158,1,151065
158,2,218380
158,3,142977
158,4,88785
158,5,294403
158,6,259547
158,7,235125
158,8,182537
158,9,236875
158,10,113362
158,11,171498
158,12,170933
158,13,233267
158,14,251605
158,15,223536
159,1,237917
159,2,136859
159,3,147599
159,4,194662
159,5,82432
159,6,272634
159,7,249695
159,8,156656
159,9,209753
159,10,178812
159,11,75309
159,12,224561
159,13,142178
159,14,231370
159,15,113695
160,1,176138
160,2,99654
160,3,208655
160,4,293717
160,5,124383
160,6,138688
160,7,182389
160,8,89844
160,9,242605
160,10,155360
160,11,164258
160,12,194376
160,13,87553
160,14,280891
160,15,137957
161,1,285137
161,2,208483
161,3,81527
161,4,103841
161,5,108478
161,6,263429
161,7,297824
161,8,286462
161,9,205917
161,10,265895
161,11,120369
161,12,109563
161,13,109633
161,14,233015
161,15,91977
162,1,102947
162,2,181970
162,3,79663
162,4,188918
162,5,107223
162,6,226647
162,7,142865
162,8,234750
162,9,187989
162,10,250823
162,11,225753
162,12,148752
162,13,131253
162,14,161368
162,15,292849
163,1,220453
163,2,224963
163,3,155698
163,4,124218
163,5,179188
163,6,162144
163,7,79984
163,8,122992
163,9,253507
163,10,258979
163,11,94054
163,12,155024
163,13,98009
163,14,169771
163,15,262367
164,1,175956
164,2,75419
164,3,273746
164,4,295224
164,5,258565
164,6,99350
164,7,124081
164,8,184932
164,9,114936
164,10,131258
164,11,276495
164,12,244618
164,13,238022
164,14,172529
164,15,274273
165,1,150761
165,2,156245
165,3,251053
165,4,187626
165,5,291786
165,6,226759
165,7,170578
165,8,247343
165,9,232264
165,10,293059
165,11,168485
165,12,249187
165,13,213570
165,14,154439
165,15,198115
166,1,271710
166,2,89985
166,3,215056
166,4,182123
166,5,277706
166,6,128054
166,7,263035
166,8,187114
166,9,131080
166,10,88409
166,11,93723
166,12,110617
166,13,143827
166,14,208948
166,15,282726
167,1,161466
167,2,288610
167,3,227312
167,4,235619
167,5,185004
167,6,117008
167,7,234530
167,8,77894
167,9,285688
167,10,157836
167,11,210015
167,12,126150
167,13,250281
167,14,133287
167,15,257064
168,1,235020
168,2,282658
168,3,292479
168,4,255620
168,5,182965
168,6,278657
168,7,235922
168,8,102414
168,9,211047
168,10,139028
168,11,147966
168,12,140282
168,13,136131
168,14,183076
168,15,88116
169,1,89786
169,2,113690
169,3,286660
169,4,245325
169,5,201512
169,6,135594
169,7,180151
169,8,160520
169,9,153594
169,10,79928
169,11,212282
169,12,107980
169,13,298114
169,14,206315
169,15,141427
170,1,195667
170,2,246801
170,3,83385
170,4,138972
170,5,165503
170,6,192060
170,7,272110
170,8,211884
170,9,172935
170,10,181898
170,11,168871
170,12,80386
170,13,254836
170,14,189404
170,15,282929
171,1,80329
171,2,225557
171,3,247525
171,4,279199
171,5,273845
171,6,138567
171,7,132048
171,8,204031
171,9,83961
171,10,80132
171,11,212706
171,12,191653
171,13,110582
171,14,234320
171,15,202628
172,1,195464
172,2,190994
172,3,280693
172,4,184635
172,5,245285
172,6,152123
172,7,89464
172,8,205721
172,9,102749
172,10,182744
172,11,102259
172,12,258170
172,13,102354
172,14,100113
172,15,248721
173,1,177813
173,2,129356
173,3,192893
173,4,240066
173,5,127305
173,6,97317
173,7,206117
173,8,202557
173,9,189286
173,10,150955
173,11,100649
173,12,281622
173,13,262823
173,14,138748
173,15,167844
174,1,103203
174,2,243591
174,3,113607
174,4,91021
174,5,299967
174,6,143694
174,7,139972
174,8,158013
174,9,96687
174,10,155491
174,11,262343
174,12,169808
174,13,137493
174,14,273123
174,15,281862
175,1,122106
175,2,284217
175,3,199280
175,4,207003
175,5,161036
175,6,119632
175,7,250454
175,8,249392
175,9,173710
175,10,140341
175,11,273179
175,12,198187
175,13,296572
175,14,159399
175,15,299783
176,1,256342
176,2,278870
176,3,83307
176,4,147137
176,5,151845
176,6,92834
176,7,159226
176,8,137201
176,9,186923
176,10,218202
176,11,157795
176,12,264324
176,13,159623
176,14,222534
176,15,264450
177,1,258773
177,2,241960
177,3,261510
177,4,247708
177,5,176020
177,6,287081
177,7,161883
177,8,253765
177,9,88020
177,10,134520
177,11,102733
177,12,118720
177,13,155802
177,14,82894
177,15,167864
178,1,299095
178,2,294980
178,3,204971
178,4,152194
178,5,245780
178,6,219045
178,7,212476
178,8,207518
178,9,193816
178,10,278319
178,11,230959
178,12,216604
178,13,199732
178,14,148749
178,15,279122
179,1,110672
179,2,104583
179,3,223094
179,4,146002
179,5,80564
179,6,139696
179,7,226841
179,8,185955
179,9,199261
179,10,248891
179,11,97985
179,12,266987
179,13,144015
179,14,97887
179,15,119685
180,1,249013
180,2,264089
180,3,220694
180,4,193877
180,5,150117
180,6,276637
180,7,149081
180,8,181551
180,9,259154
180,10,135875
180,11,290709
180,12,207467
180,13,93931
180,14,195846
180,15,120289
181,1,217719
181,2,267243
181,3,229725
181,4,91833
181,5,253830
181,6,224166
181,7,204479
181,8,284570
181,9,160786
181,10,78139
181,11,243650
181,12,142118
181,13,83170
181,14,113953
181,15,100689
182,1,193471
182,2,298009
182,3,282069
182,4,141492
182,5,198995
182,6,288855
182,7,274735
182,8,140602
182,9,84548
182,10,297256
182,11,209221
182,12,252947
182,13,96403
182,14,234664
182,15,142546
183,1,181102
183,2,118985
183,3,259920
183,4,116799
183,5,151263
183,6,103318
183,7,174649
183,8,278064
183,9,295590
183,10,144149
183,11,269534
183,12,77232
183,13,143113
183,14,238361
183,15,275510
184,1,121908
184,2,182854
184,3,204925
184,4,276650
184,5,163955
184,6,100909
184,7,224810
184,8,203958
184,9,87497
184,10,215149
184,11,184883
184,12,141024
184,13,106430
184,14,253303
184,15,284124
185,1,275922
185,2,249042
185,3,258312
185,4,79505
185,5,227628
185,6,129039
185,7,194475
185,8,237580
185,9,239557
185,10,254150
185,11,212011
185,12,116431
185,13,293278
185,14,144954
185,15,108792
186,1,76706
186,2,159436
186,3,264786
186,4,105174
186,5,89409
186,6,206940
186,7,97380
186,8,295436
186,9,223822
186,10,250676
186,11,266471
186,12,183150
186,13,202032
186,14,262890
186,15,202878
187,1,83939
187,2,111308
187,3,194831
187,4,123798
187,5,207628
187,6,218303
187,7,180508
187,8,165801
187,9,274744
187,10,210188
187,11,219078
187,12,244253
187,13,251040
187,14,187229
187,15,289571
188,1,128337
188,2,270385
188,3,268586
188,4,150656
188,5,104659
188,6,154847
188,7,209390
188,8,132242
188,9,178345
188,10,290991
188,11,171052
188,12,144024
188,13,266575
188,14,296849
188,15,229844
189,1,197116
189,2,288056
189,3,150269
189,4,82287
189,5,198509
189,6,143561
189,7,235253
189,8,205318
189,9,221248
189,10,183835
189,11,160145
189,12,138680
189,13,196848
189,14,133435
189,15,254284
190,1,245095
190,2,170279
190,3,119920
190,4,97638
190,5,270732
190,6,186804
190,7,101991
190,8,183492
190,9,258496
190,10,268544
190,11,104055
190,12,225693
190,13,110438
190,14,210865
190,15,268910
191,1,84319
191,2,112651
191,3,231358
191,4,108532
191,5,286496
191,6,292360
191,7,143830
191,8,262453
191,9,102595
191,10,130918
191,11,248275
191,12,197488
191,13,188856
191,14,249635
191,15,249156
192,1,148400
192,2,112254
192,3,139764
192,4,167951
192,5,172980
192,6,248109
192,7,221493
192,8,193809
192,9,79248
192,10,178505
192,11,288354
192,12,108110
192,13,164448
192,14,80384
192,15,193097
193,1,255709
193,2,110989
193,3,219630
193,4,186577
193,5,155979
193,6,273932
193,7,214615
193,8,166668
193,9,215892
193,10,175649
193,11,139503
193,12,286694
193,13,256528
193,14,218780
193,15,133297
194,1,99559
194,2,81302
194,3,233318
194,4,129211
194,5,175662
194,6,211293
194,7,229702
194,8,184522
194,9,86109
194,10,139848
194,11,217835
194,12,86764
194,13,213182
194,14,131276
194,15,178642
195,1,249142
195,2,193556
195,3,156779
195,4,230111
195,5,112323
195,6,84664
195,7,125383
195,8,82695
195,9,246233
195,10,200377
195,11,194248
195,12,237852
195,13,262900
195,14,155915
195,15,86979
196,1,144480
196,2,209859
196,3,184334
196,4,294551
196,5,161601
196,6,82896
196,7,134097
196,8,166953
196,9,287000
196,10,254688
196,11,103436
196,12,141756
196,13,177447
196,14,285289
196,15,202530
197,1,161512
197,2,115263
197,3,172960
197,4,162253
197,5,225785
197,6,195131
197,7,113505
197,8,118788
197,9,285721
197,10,142616
197,11,126507
197,12,90740
197,13,101824
197,14,280623
197,15,173629
198,1,106107
198,2,103251
198,3,248981
198,4,243446
198,5,240542
198,6,89278
198,7,105285
198,8,193172
198,9,290988
198,10,248881
198,11,296671
198,12,244637
198,13,100390
198,14,177485
198,15,268790
199,1,136829
199,2,241938
199,3,181455
199,4,254133
199,5,102261
199,6,210248
199,7,240681
199,8,83676
199,9,121397
199,10,156499
199,11,203691
199,12,227331
199,13,181018
199,14,289617
199,15,83154
200,1,263414
200,2,263418
200,3,183762
200,4,218987
200,5,176984
200,6,219342
200,7,165815
200,8,136376
200,9,182010
200,10,206739
200,11,134555
200,12,223637
200,13,210612
200,14,292540
200,15,161928
201,1,206753
201,2,182146
201,3,213975
201,4,160783
201,5,185530
201,6,179232
201,7,191303
201,8,270837
201,9,95535
201,10,86768
201,11,220795
201,12,217564
201,13,140589
201,14,276375
201,15,78395
202,1,280292
202,2,118969
202,3,78812
202,4,185493
202,5,184609
202,6,108982
202,7,81659
202,8,231389
202,9,128270
202,10,150716
202,11,121389
202,12,135150
202,13,297265
202,14,224091
202,15,289156
203,1,215560
203,2,276517
203,3,160876
203,4,231589
203,5,157371
203,6,113525
203,7,153940
203,8,136969
203,9,155687
203,10,287679
203,11,273291
203,12,201407
203,13,133133
203,14,228032
203,15,94361
204,1,297570
204,2,242410
204,3,198032
204,4,280463
204,5,110688
204,6,90014
204,7,177613
204,8,258602
204,9,296906
204,10,114159
204,11,125734
204,12,128637
204,13,243530
204,14,183371
204,15,152344
205,1,204007
205,2,123890
205,3,192993
205,4,236716
205,5,255077
205,6,142806
205,7,275455
205,8,122032
205,9,275935
205,10,83969
205,11,140187
205,12,137944
205,13,223084
205,14,147522
205,15,130623
206,1,84999
206,2,252638
206,3,131397
206,4,111077
206,5,253371
206,6,117285
206,7,148135
206,8,163167
206,9,139590
206,10,196140
206,11,155214
206,12,213622
206,13,124911
206,14,262264
206,15,136045
207,1,100083
207,2,281437
207,3,272699
207,4,297313
207,5,109168
207,6,81208
207,7,154172
207,8,105597
207,9,208083
207,10,95588
207,11,140728
207,12,270585
207,13,129179
207,14,83136
207,15,107232
208,1,230655
208,2,248591
208,3,201207
208,4,253393
208,5,162093
208,6,76150
208,7,272831
208,8,291549
208,9,282459
208,10,280179
208,11,77142
208,12,204049
208,13,254076
208,14,162359
208,15,190729
209,1,181815
209,2,168900
209,3,203442
209,4,180636
209,5,103782
209,6,284422
209,7,179592
209,8,188074
209,9,264816
209,10,258130
209,11,89852
209,12,181034
209,13,223251
209,14,221058
209,15,167415
210,1,86286
210,2,113447
210,3,158033
210,4,207825
210,5,152798
210,6,121860
210,7,299700
210,8,255696
210,9,111912
210,10,161938
210,11,210231
210,12,75320
210,13,242195
210,14,132669
210,15,279266
211,1,203048
211,2,180596
211,3,176912
211,4,168598
211,5,242317
211,6,224159
211,7,253700
211,8,114388
211,9,87557
211,10,159380
211,11,109786
211,12,241085
211,13,113523
211,14,254404
211,15,101544
212,1,276586
212,2,269767
212,3,273364
212,4,235334
212,5,107783
212,6,297544
212,7,203935
212,8,242068
212,9,126569
212,10,198038
212,11,234288
212,12,191047
212,13,86698
212,14,212423
212,15,159191
213,1,244679
213,2,120796
213,3,235187
213,4,83528
213,5,245697
213,6,232569
213,7,178268
213,8,281476
213,9,227311
213,10,198515
213,11,119202
213,12,247715
213,13,254593
213,14,241429
213,15,124553
214,1,109993
214,2,149162
214,3,233314
214,4,278168
214,5,87912
214,6,211625
214,7,122300
214,8,179358
214,9,267975
214,10,82264
214,11,213626
214,12,235790
214,13,260650
214,14,91417
214,15,299301
215,1,296471
215,2,198966
215,3,118795
215,4,76148
215,5,126764
215,6,197440
215,7,201717
215,8,243907
215,9,168012
215,10,129351
215,11,209440
215,12,147231
215,13,137601
215,14,185961
215,15,280777
216,1,133599
216,2,159635
216,3,173987
216,4,142695
216,5,292041
216,6,201287
216,7,144307
216,8,241509
216,9,149267
216,10,116033
216,11,192858
216,12,280709
216,13,163200
216,14,260926
216,15,92347
217,1,244814
217,2,225290
217,3,232013
217,4,99729
217,5,270701
217,6,123765
217,7,130394
217,8,282238
217,9,237940
217,10,231296
217,11,293916
217,12,213726
217,13,108005
217,14,145605
217,15,206798
218,1,277228
218,2,139840
218,3,107460
218,4,139442
218,5,152598
218,6,183353
218,7,155424
218,8,229827
218,9,229007
218,10,215330
218,11,292856
218,12,222634
218,13,112016
218,14,124554
218,15,209086
219,1,290596
219,2,274297
219,3,103166
219,4,277390
219,5,91997
219,6,248012
219,7,155283
219,8,285586
219,9,224429
219,10,234908
219,11,104483
219,12,292924
219,13,83624
219,14,274535
219,15,121902
220,1,274948
220,2,188137
220,3,268267
220,4,77719
220,5,176581
220,6,143463
220,7,138949
220,8,117146
220,9,120380
220,10,95063
220,11,249500
220,12,185727
220,13,91558
220,14,160006
220,15,214753
221,1,88015
221,2,170695
221,3,220629
221,4,202925
221,5,89840
221,6,185014
221,7,159973
221,8,239014
221,9,265091
221,10,265008
221,11,298490
221,12,260469
221,13,92761
221,14,86914
221,15,146046
222,1,280956
222,2,122420
222,3,173133
222,4,155934
222,5,257489
222,6,213196
222,7,274775
222,8,217858
222,9,287442
222,10,201768
222,11,213767
222,12,137009
222,13,178361
222,14,239336
222,15,145504
223,1,205099
223,2,231099
223,3,243686
223,4,148702
223,5,88276
223,6,236501
223,7,177547
223,8,79228
223,9,145211
223,10,211797
223,11,258062
223,12,253182
223,13,203277
223,14,177631
223,15,208364
224,1,83550
224,2,81835
224,3,114527
224,4,269627
224,5,299994
224,6,188159
224,7,112092
224,8,181354
224,9,76709
224,10,86796
224,11,121885
224,12,277941
224,13,134233
224,14,168692
224,15,234125
225,1,251049
225,2,296694
225,3,159757
225,4,97358
225,5,85852
225,6,87814
225,7,286165
225,8,243796
225,9,142550
225,10,274933
225,11,131592
225,12,245688
225,13,276765
225,14,175709
225,15,283859
226,1,157074
226,2,142398
226,3,216814
226,4,151246
226,5,281546
226,6,156117
226,7,133938
226,8,193957
226,9,212821
226,10,271385
226,11,204917
226,12,294721
226,13,182080
226,14,226945
226,15,122941
227,1,150577
227,2,196407
227,3,226860
227,4,264548
227,5,193006
227,6,138642
227,7,270749
227,8,117915
227,9,207374
227,10,90257
227,11,206028
227,12,266314
227,13,91984
227,14,142186
227,15,136843
228,1,168751
228,2,84975
228,3,141680
228,4,115655
228,5,182140
228,6,250038
228,7,113911
228,8,83017
228,9,278661
228,10,184702
228,11,104874
228,12,268451
228,13,144173
228,14,99973
228,15,177125
229,1,270161
229,2,171522
229,3,247041
229,4,167444
229,5,283291
229,6,226235
229,7,232397
229,8,181285
229,9,250375
229,10,161438
229,11,143763
229,12,109820
229,13,184467
229,14,265198
229,15,277446
230,1,282531
230,2,275781
230,3,296603
230,4,132071
230,5,147567
230,6,269005
230,7,128601
230,8,128779
230,9,75250
230,10,270268
230,11,122810
230,12,180743
230,13,284802
230,14,77431
230,15,85721
231,1,255365
231,2,283802
231,3,154556
231,4,206286
231,5,208657
231,6,242983
231,7,274274
231,8,238525
231,9,270093
231,10,154778
231,11,236691
231,12,231847
231,13,208819
231,14,268780
231,15,287035
232,1,179537
232,2,192769
232,3,139504
232,4,202768
232,5,164382
232,6,155599
232,7,297935
232,8,223871
232,9,240170
232,10,297125
232,11,201431
232,12,258924
232,13,246364
232,14,260634
232,15,191945
233,1,289406
233,2,213792
233,3,290012
233,4,230449
233,5,189953
233,6,96626
233,7,88980
233,8,172892
233,9,136152
233,10,159809
233,11,198126
233,12,231681
233,13,220582
233,14,249421
233,15,280584
234,1,168308
234,2,241042
234,3,190875
234,4,282317
234,5,146497
234,6,283100
234,7,202294
234,8,135160
234,9,113308
234,10,131055
234,11,215654
234,12,130334
234,13,158884
234,14,290489
234,15,283797
235,1,159559
235,2,87171
235,3,277263
235,4,109244
235,5,182661
235,6,128664
235,7,172978
235,8,209070
235,9,130839
235,10,276613
235,11,95514
235,12,178543
235,13,121794
235,14,259357
235,15,262249
236,1,247423
236,2,263191
236,3,150132
236,4,78764
236,5,99639
236,6,146001
236,7,225720
236,8,94936
236,9,87485
236,10,182502
236,11,162858
236,12,180404
236,13,195493
236,14,289817
236,15,79624
237,1,243859
237,2,133298
237,3,85166
237,4,245892
237,5,238580
237,6,113850
237,7,267160
237,8,255461
237,9,239748
237,10,173435
237,11,80071
237,12,83552
237,13,151815
237,14,251061
237,15,215115
238,1,179433
238,2,83114
238,3,173203
238,4,187615
238,5,222210
238,6,230032
238,7,221616
238,8,190929
238,9,287131
238,10,139740
238,11,213628
238,12,226025
238,13,206490
238,14,216547
238,15,75340
239,1,185875
239,2,271061
239,3,217827
239,4,113567
239,5,270078
239,6,298524
239,7,148450
239,8,278130
239,9,279347
239,10,294679
239,11,215093
239,12,104155
239,13,226934
239,14,265344
239,15,263613
240,1,227765
240,2,209145
240,3,170388
240,4,135087
240,5,127070
240,6,296800
240,7,262630
240,8,159842
240,9,229245
240,10,84268
240,11,191442
240,12,114156
240,13,84072
240,14,211345
240,15,206320
241,1,234492
241,2,211229
241,3,194399
241,4,287244
241,5,177654
241,6,111816
241,7,264113
241,8,230958
241,9,217417
241,10,257190
241,11,189071
241,12,93653
241,13,211512
241,14,289770
241,15,81539
242,1,190880
242,2,247372
242,3,289400
242,4,130715
242,5,269661
242,6,215737
242,7,169264
242,8,106239
242,9,248961
242,10,124976
242,11,171020
242,12,243593
242,13,176638
242,14,184059
242,15,244932
243,1,134926
243,2,194193
243,3,94322
243,4,153912
243,5,288130
243,6,220625
243,7,98381
243,8,111467
243,9,139797
243,10,242551
243,11,299142
243,12,110515
243,13,109645
243,14,203078
243,15,85069
244,1,267917
244,2,197667
244,3,127540
244,4,131905
244,5,156664
244,6,76572
244,7,79371
244,8,110277
244,9,100172
244,10,216881
244,11,162002
244,12,235848
244,13,170422
244,14,113299
244,15,139423
245,1,186009
245,2,129400
245,3,185977
245,4,208191
245,5,292842
245,6,165018
245,7,207515
245,8,171340
245,9,151341
245,10,82377
245,11,245099
245,12,219064
245,13,255768
245,14,227668
245,15,151792
246,1,243190
246,2,266413
246,3,208260
246,4,232200
246,5,75004
246,6,277949
246,7,177153
246,8,178051
246,9,107177
246,10,246413
246,11,80285
246,12,139367
246,13,134099
246,14,205168
246,15,172301
247,1,99222
247,2,165879
247,3,108502
247,4,260944
247,5,182344
247,6,146896
247,7,294408
247,8,175161
247,9,122341
247,10,137242
247,11,135946
247,12,129823
247,13,155060
247,14,145098
247,15,120902
248,1,85426
248,2,225899
248,3,159924
248,4,164827
248,5,120626
248,6,121171
248,7,200753
248,8,127510
248,9,174612
248,10,197150
248,11,263331
248,12,277266
248,13,263477
248,14,197371
248,15,223089
249,1,156245
249,2,138546
249,3,276683
249,4,282868
249,5,296859
249,6,216966
249,7,258559
249,8,241397
249,9,76465
249,10,185558
249,11,278278
249,12,188919
249,13,92116
249,14,178280
249,15,115688
250,1,75295
250,2,223223
250,3,289723
250,4,112991
250,5,100700
250,6,178882
250,7,194912
250,8,196860
250,9,151205
250,10,291259
250,11,257514
250,12,89720
250,13,180865
250,14,248228
250,15,197014
251,1,141132
251,2,174236
251,3,110365
251,4,249650
251,5,233782
251,6,236474
251,7,162370
251,8,232599
251,9,162488
251,10,239957
251,11,221501
251,12,104341
251,13,266501
251,14,92421
251,15,190354
252,1,139884
252,2,211039
252,3,263746
252,4,250769
252,5,126698
252,6,238344
252,7,280975
252,8,204037
252,9,223255
252,10,83623
252,11,259111
252,12,299283
252,13,196094
252,14,255192
252,15,81501
253,1,91365
253,2,245938
253,3,220684
253,4,180227
253,5,214203
253,6,199396
253,7,140529
253,8,149498
253,9,199914
253,10,240440
253,11,252302
253,12,211744
253,13,144442
253,14,140503
253,15,98653
254,1,183243
254,2,120700
254,3,261530
254,4,256276
254,5,117350
254,6,275681
254,7,123825
254,8,283613
254,9,86901
254,10,153002
254,11,275856
254,12,153752
254,13,178113
254,14,138631
254,15,213772
255,1,152115
255,2,287623
255,3,103695
255,4,251439
255,5,231624
255,6,255010
255,7,254320
255,8,274607
255,9,156047
255,10,111674
255,11,147031
255,12,206086
255,13,278853
255,14,188232
255,15,237428
256,1,296435
256,2,103609
256,3,169046
256,4,118404
256,5,205113
256,6,256872
256,7,299304
256,8,250588
256,9,82822
256,10,159168
256,11,140293
256,12,136815
256,13,88215
256,14,157538
256,15,154636
257,1,194177
257,2,138906
257,3,208045
257,4,245899
257,5,203299
257,6,113355
257,7,228088
257,8,139400
257,9,105278
257,10,235493
257,11,84392
257,12,223520
257,13,134928
257,14,82417
257,15,115306
258,1,133849
258,2,125884
258,3,265435
258,4,203273
258,5,263859
258,6,76574
258,7,111924
258,8,185972
258,9,203115
258,10,203742
258,11,192293
258,12,222293
258,13,189807
258,14,296550
258,15,249107
259,1,234852
259,2,107795
259,3,283523
259,4,285625
259,5,134090
259,6,196371
259,7,149108
259,8,291875
259,9,181966
259,10,291832
259,11,269981
259,12,204767
259,13,276702
259,14,199929
259,15,143183
260,1,145965
260,2,142304
260,3,179448
260,4,182879
260,5,80945
260,6,117252
260,7,268467
260,8,80170
260,9,212603
260,10,105622
260,11,121409
260,12,195372
260,13,164000
260,14,109330
260,15,299362
261,1,181720
261,2,281651
261,3,90698
261,4,250723
261,5,182313
261,6,257638
261,7,108713
261,8,261967
261,9,136573
261,10,90355
261,11,191437
261,12,171760
261,13,119798
261,14,216666
261,15,118671
262,1,287921
262,2,171150
262,3,231400
262,4,251541
262,5,125092
262,6,147468
262,7,120728
262,8,297993
262,9,151790
262,10,193008
262,11,201298
262,12,287882
262,13,262199
262,14,81617
262,15,296866
263,1,78665
263,2,77147
263,3,126917
263,4,180502
263,5,290500
263,6,117934
263,7,286500
263,8,183088
263,9,263802
263,10,246042
263,11,173193
263,12,98283
263,13,266790
263,14,228459
263,15,113439
264,1,77923
264,2,209629
264,3,92379
264,4,246818
264,5,144215
264,6,247386
264,7,270742
264,8,93032
264,9,252229
264,10,172342
264,11,175708
264,12,255432
264,13,183312
264,14,159418
264,15,188760
265,1,84976
265,2,295724
265,3,226068
265,4,186110
265,5,140011
265,6,295132
265,7,259319
265,8,159544
265,9,178051
265,10,202305
265,11,182525
265,12,80403
265,13,248259
265,14,82507
265,15,102370
266,1,166323
266,2,218193
266,3,151039
266,4,166520
266,5,165396
266,6,188897
266,7,241467
266,8,83755
266,9,186389
266,10,218200
266,11,192393
266,12,253240
266,13,255828
266,14,201119
266,15,125162
267,1,197754
267,2,281359
267,3,124700
267,4,133760
267,5,180193
267,6,217196
267,7,75547
267,8,155134
267,9,180788
267,10,99404
267,11,76470
267,12,159778
267,13,176307
267,14,244843
267,15,285749
268,1,243311
268,2,195940
268,3,180340
268,4,102397
268,5,87435
268,6,274522
268,7,78531
268,8,106473
268,9,121321
268,10,172421
268,11,211171
268,12,161726
268,13,260823
268,14,285590
268,15,251485
269,1,219732
269,2,113033
269,3,254195
269,4,88115
269,5,177027
269,6,178805
269,7,131022
269,8,249423
269,9,220534
269,10,151402
269,11,266315
269,12,122635
269,13,128425
269,14,135010
269,15,76881
270,1,112728
270,2,276752
270,3,142655
270,4,159572
270,5,146437
270,6,197350
270,7,138845
270,8,242498
270,9,95933
270,10,224139
270,11,139003
270,12,271559
270,13,98905
270,14,209938
270,15,103175
271,1,256250
271,2,84921
271,3,252134
271,4,221252
271,5,144304
271,6,290430
271,7,112412
271,8,179309
271,9,135735
271,10,259765
271,11,226153
271,12,245946
271,13,176921
271,14,295530
271,15,214815
272,1,253940
272,2,272584
272,3,263276
272,4,197845
272,5,276553
272,6,247203
272,7,99523
272,8,141370
272,9,230555
272,10,146193
272,11,283746
272,12,192856
272,13,129968
272,14,155335
272,15,163608
273,1,268853
273,2,279872
273,3,256424
273,4,99680
273,5,197555
273,6,118584
273,7,168344
273,8,194159
273,9,184598
273,10,295531
273,11,132731
273,12,274042
273,13,188512
273,14,276019
273,15,97063
274,1,189990
274,2,158489
274,3,231745
274,4,190978
274,5,178265
274,6,77585
274,7,147831
274,8,215989
274,9,195797
274,10,79775
274,11,228532
274,12,259926
274,13,131256
274,14,285779
274,15,214641
275,1,78319
275,2,299857
275,3,147949
275,4,228537
275,5,91271
275,6,125589
275,7,212608
275,8,140335
275,9,111852
275,10,285209
275,11,254983
275,12,284575
275,13,79962
275,14,122855
275,15,244120
276,1,137228
276,2,220022
276,3,279095
276,4,109140
276,5,278367
276,6,198557
276,7,179868
276,8,118952
276,9,93069
276,10,219675
276,11,297275
276,12,206529
276,13,236282
276,14,275258
276,15,200987
277,1,201818
277,2,143992
277,3,224423
277,4,138151
277,5,206079
277,6,291527
277,7,223290
277,8,206276
277,9,171884
277,10,146527
277,11,223425
277,12,275747
277,13,235436
277,14,295110
277,15,119076
278,1,103942
278,2,80246
278,3,210619
278,4,201553
278,5,87028
278,6,279286
278,7,143732
278,8,267816
278,9,250976
278,10,76892
278,11,293436
278,12,290322
278,13,252881
278,14,163544
278,15,185157
279,1,90294
279,2,185206
279,3,111107
279,4,88669
279,5,210438
279,6,130721
279,7,294418
279,8,174981
279,9,163946
279,10,194249
279,11,118657
279,12,275675
279,13,265474
279,14,236500
279,15,196769
280,1,242646
280,2,125895
280,3,184199
280,4,162193
280,5,255590
280,6,274678
280,7,103846
280,8,299424
280,9,202793
280,10,149806
280,11,77103
280,12,131250
280,13,257928
280,14,123957
280,15,131513
281,1,221448
281,2,231689
281,3,146845
281,4,243798
281,5,114378
281,6,81286
281,7,188995
281,8,176459
281,9,189850
281,10,207086
281,11,127187
281,12,289031
281,13,134160
281,14,87963
281,15,111881
282,1,183774
282,2,231975
282,3,180833
282,4,112399
282,5,214066
282,6,140048
282,7,130582
282,8,87695
282,9,185808
282,10,286574
282,11,266893
282,12,165315
282,13,184241
282,14,222038
282,15,143773
283,1,260157
283,2,284616
283,3,147271
283,4,249147
283,5,197278
283,6,224200
283,7,107340
283,8,201431
283,9,228013
283,10,227667
283,11,83864
283,12,234049
283,13,274368
283,14,260943
283,15,228267
284,1,285518
284,2,166175
284,3,181597
284,4,295047
284,5,107977
284,6,75333
284,7,189807
284,8,128314
284,9,288629
284,10,116143
284,11,297057
284,12,259285
284,13,271492
284,14,124827
284,15,116094
285,1,153261
285,2,219180
285,3,76461
285,4,134204
285,5,190313
285,6,95461
285,7,156185
285,8,253186
285,9,209636
285,10,258743
285,11,297324
285,12,163245
285,13,170012
285,14,111378
285,15,133489
286,1,141337
286,2,131622
286,3,207893
286,4,134546
286,5,220060
286,6,88775
286,7,166253
286,8,224243
286,9,191875
286,10,144455
286,11,223929
286,12,89673
286,13,259773
286,14,83748
286,15,258681
287,1,111881
287,2,292454
287,3,258955
287,4,209895
287,5,81484
287,6,281693
287,7,209207
287,8,102538
287,9,265461
287,10,293106
287,11,274066
287,12,127529
287,13,225107
287,14,139787
287,15,123672
288,1,256920
288,2,277731
288,3,118903
288,4,247095
288,5,172688
288,6,119409
288,7,219076
288,8,281492
288,9,142452
288,10,212210
288,11,293655
288,12,220434
288,13,84912
288,14,286332
288,15,262265
289,1,226603
289,2,106188
289,3,90985
289,4,241299
289,5,284371
289,6,203392
289,7,77612
289,8,150486
289,9,105316
289,10,122863
289,11,163435
289,12,93525
289,13,251312
289,14,162537
289,15,76152
290,1,145617
290,2,147336
290,3,274847
290,4,183062
290,5,264061
290,6,241317
290,7,106122
290,8,88286
290,9,100153
290,10,269090
290,11,221589
290,12,78878
290,13,259603
290,14,138884
290,15,83968
291,1,190079
291,2,268874
291,3,199953
291,4,82189
291,5,100776
291,6,124665
291,7,121895
291,8,288540
291,9,159923
291,10,261767
291,11,178337
291,12,271644
291,13,256625
291,14,92743
291,15,175663
292,1,157990
292,2,290267
292,3,292947
292,4,289574
292,5,190442
292,6,287724
292,7,247497
292,8,76644
292,9,212938
292,10,274754
292,11,129322
292,12,212729
292,13,259185
292,14,188023
292,15,268389
293,1,155415
293,2,130176
293,3,212709
293,4,179049
293,5,202663
293,6,280505
293,7,256105
293,8,125658
293,9,120183
293,10,225325
293,11,75248
293,12,294386
293,13,153323
293,14,201317
293,15,199970
294,1,277870
294,2,118942
294,3,147557
294,4,187707
294,5,168101
294,6,144811
294,7,208054
294,8,248443
294,9,220206
294,10,162468
294,11,183161
294,12,125976
294,13,108293
294,14,113019
294,15,212979
295,1,79211
295,2,293892
295,3,212588
295,4,110518
295,5,263426
295,6,179135
295,7,123921
295,8,125228
295,9,286101
295,10,255428
295,11,114060
295,12,240387
295,13,279900
295,14,203867
295,15,109038
296,1,80948
296,2,98369
296,3,128607
296,4,190661
296,5,291189
296,6,79897
296,7,149655
296,8,120834
296,9,142501
296,10,211743
296,11,205168
296,12,150392
296,13,96851
296,14,238792
296,15,167901
297,1,181510
297,2,275971
297,3,98288
297,4,224777
297,5,164531
297,6,296547
297,7,176656
297,8,278380
297,9,203200
297,10,168295
297,11,144119
297,12,191581
297,13,206434
297,14,235660
297,15,210428
298,1,269191
298,2,234872
298,3,191247
298,4,251394
298,5,86678
298,6,293687
298,7,203207
298,8,239378
298,9,132901
298,10,265374
298,11,293952
298,12,94562
298,13,277509
298,14,299547
298,15,118210
299,1,213451
299,2,130134
299,3,86949
299,4,183593
299,5,252196
299,6,167354
299,7,179048
299,8,264717
299,9,176118
299,10,90760
299,11,220177
299,12,216367
299,13,129423
299,14,89208
299,15,287323
300,1,96071
300,2,201057
300,3,205265
300,4,296689
300,5,182448
300,6,206257
300,7,243773
300,8,219070
300,9,257872
300,10,207797
300,11,205132
300,12,212465
300,13,168556
300,14,274089
300,15,93248
301,1,180789
301,2,129753
301,3,260625
301,4,215140
301,5,76156
301,6,105980
301,7,174011
301,8,257995
301,9,161847
301,10,86981
301,11,208799
301,12,107110
301,13,166728
301,14,247635
301,15,296853
302,1,275650
302,2,211716
302,3,139393
302,4,77922
302,5,141355
302,6,94839
302,7,187302
302,8,228239
302,9,281255
302,10,266633
302,11,85933
302,12,138861
302,13,187621
302,14,267051
302,15,113861
303,1,251978
303,2,267480
303,3,243059
303,4,211118
303,5,234549
303,6,220516
303,7,271179
303,8,114670
303,9,132294
303,10,92347
303,11,167551
303,12,94243
303,13,152054
303,14,152331
303,15,167825
304,1,102198
304,2,274367
304,3,290383
304,4,124801
304,5,142674
304,6,113316
304,7,159743
304,8,209680
304,9,151883
304,10,219500
304,11,143319
304,12,257654
304,13,220502
304,14,288623
304,15,109713
305,1,174027
305,2,282065
305,3,299934
305,4,105597
305,5,126257
305,6,87188
305,7,284722
305,8,80133
305,9,89744
305,10,141976
305,11,268241
305,12,270211
305,13,86496
305,14,280550
305,15,257961
306,1,214447
306,2,135867
306,3,220771
306,4,291065
306,5,238954
306,6,196604
306,7,232753
306,8,284436
306,9,216805
306,10,227465
306,11,190701
306,12,113422
306,13,295072
306,14,239706
306,15,173142
307,1,116152
307,2,141171
307,3,244793
307,4,123222
307,5,246783
307,6,255941
307,7,156971
307,8,225584
307,9,254880
307,10,278057
307,11,243880
307,12,129214
307,13,118670
307,14,147883
307,15,94108
308,1,214310
308,2,143535
308,3,116235
308,4,224567
308,5,98082
308,6,141218
308,7,106874
308,8,134943
308,9,89387
308,10,128463
308,11,206569
308,12,135375
308,13,266729
308,14,168653
308,15,111866
309,1,100889
309,2,239621
309,3,108472
309,4,157995
309,5,187098
309,6,151401
309,7,218548
309,8,83665
309,9,165157
309,10,299153
309,11,186243
309,12,178856
309,13,109178
309,14,209991
309,15,98282
310,1,234746
310,2,136037
310,3,84136
310,4,98344
310,5,94368
310,6,160456
310,7,269128
310,8,166669
310,9,218867
310,10,155050
310,11,278815
310,12,229057
310,13,298939
310,14,225134
310,15,84395
311,1,297265
311,2,210569
311,3,142559
311,4,212061
311,5,270122
311,6,108771
311,7,105945
311,8,244074
311,9,120970
311,10,130372
311,11,172579
311,12,287801
311,13,218539
311,14,278391
311,15,298741
312,1,174181
312,2,210299
312,3,172105
312,4,230067
312,5,195731
312,6,226954
312,7,138285
312,8,251686
312,9,127594
312,10,162892
312,11,240030
312,12,123463
312,13,241235
312,14,278645
312,15,252574
313,1,104437
313,2,119651
313,3,158489
313,4,223133
313,5,164034
313,6,76393
313,7,118642
313,8,242619
313,9,147265
313,10,132580
313,11,95003
313,12,297898
313,13,99973
313,14,292654
313,15,122267
314,1,84638
314,2,221408
314,3,166655
314,4,208726
314,5,135679
314,6,246410
314,7,187855
314,8,209848
314,9,92840
314,10,129158
314,11,189386
314,12,108316
314,13,83187
314,14,214950
314,15,176969
315,1,275192
315,2,110769
315,3,100256
315,4,249747
315,5,167249
315,6,179068
315,7,95766
315,8,206577
315,9,103255
315,10,165343
315,11,113837
315,12,260878
315,13,247131
315,14,223426
315,15,154727
316,1,174742
316,2,205853
316,3,93612
316,4,128721
316,5,178142
316,6,162123
316,7,185927
316,8,198308
316,9,82987
316,10,221144
316,11,134062
316,12,219729
316,13,244642
316,14,258685
316,15,76474
317,1,201117
317,2,174913
317,3,205150
317,4,250896
317,5,298770
317,6,159209
317,7,176818
317,8,198406
317,9,223442
317,10,287549
317,11,234899
317,12,83423
317,13,170802
317,14,221288
317,15,103293
318,1,131209
318,2,163226
318,3,202955
318,4,109116
318,5,88508
318,6,245696
318,7,224440
318,8,229622
318,9,82791
318,10,266544
318,11,177545
318,12,123200
318,13,208734
318,14,184323
318,15,186868
319,1,115907
319,2,157202
319,3,168683
319,4,212216
319,5,164743
319,6,109543
319,7,83130
319,8,246034
319,9,247807
319,10,109441
319,11,190644
319,12,99138
319,13,245737
319,14,198531
319,15,214254
320,1,286725
320,2,240137
320,3,145441
320,4,131786
320,5,142200
320,6,140156
320,7,109039
320,8,138644
320,9,138702
320,10,292363
320,11,148264
320,12,118948
320,13,125158
320,14,201459
320,15,249418
321,1,75169
321,2,250737
321,3,87894
321,4,151645
321,5,75485
321,6,103777
321,7,275855
321,8,243596
321,9,87584
321,10,243296
321,11,140461
321,12,223449
321,13,152849
321,14,240257
321,15,115818
322,1,248069
322,2,173946
322,3,299426
322,4,189440
322,5,215839
322,6,196874
322,7,87844
322,8,189961
322,9,166106
322,10,106168
322,11,265106
322,12,269106
322,13,192061
322,14,87875
322,15,246647
323,1,146797
323,2,281673
323,3,166858
323,4,125210
323,5,188322
323,6,243941
323,7,171830
323,8,248911
323,9,146078
323,10,189920
323,11,144848
323,12,174613
323,13,145202
323,14,106302
323,15,244428
324,1,264388
324,2,166670
324,3,116866
324,4,163937
324,5,220254
324,6,205680
324,7,234994
324,8,180078
324,9,132547
324,10,240261
324,11,116656
324,12,164497
324,13,102117
324,14,230662
324,15,93637
325,1,254723
325,2,254551
325,3,269054
325,4,284303
325,5,213970
325,6,247708
325,7,104913
325,8,116081
325,9,238760
325,10,140096
325,11,214737
325,12,147818
325,13,239686
325,14,101505
325,15,179792
326,1,163280
326,2,194387
326,3,244209
326,4,179129
326,5,78450
326,6,190503
326,7,222467
326,8,218096
326,9,185419
326,10,249609
326,11,190812
326,12,259314
326,13,183682
326,14,285073
326,15,149988
327,1,264190
327,2,250141
327,3,94875
327,4,212921
327,5,131425
327,6,280563
327,7,184555
327,8,95821
327,9,271579
327,10,190438
327,11,77332
327,12,161585
327,13,142551
327,14,223955
327,15,183417
328,1,106646
328,2,260415
328,3,286772
328,4,173352
328,5,206222
328,6,245808
328,7,137877
328,8,146598
328,9,178049
328,10,227295
328,11,240031
328,12,294930
328,13,271923
328,14,266083
328,15,136738
329,1,83123
329,2,210887
329,3,140922
329,4,202235
329,5,203035
329,6,103108
329,7,236794
329,8,225770
329,9,247087
329,10,221781
329,11,80048
329,12,273755
329,13,283461
329,14,262056
329,15,274269
330,1,170190
330,2,231915
330,3,105777
330,4,181912
330,5,274934
330,6,155336
330,7,84383
330,8,168231
330,9,160101
330,10,270097
330,11,213302
330,12,185632
330,13,297615
330,14,113491
330,15,205513
331,1,119691
331,2,78039
331,3,230362
331,4,153991
331,5,237881
331,6,147555
331,7,215788
331,8,182435
331,9,136570
331,10,171290
331,11,216675
331,12,205280
331,13,180450
331,14,260221
331,15,148884
332,1,271555
332,2,278630
332,3,219936
332,4,181487
332,5,115346
332,6,259318
332,7,157908
332,8,288421
332,9,287239
332,10,282664
332,11,221203
332,12,194891
332,13,203692
332,14,112719
332,15,118107
333,1,172296
333,2,234412
333,3,191017
333,4,193424
333,5,95420
333,6,280920
333,7,153299
333,8,143974
333,9,166377
333,10,213842
333,11,166538
333,12,160164
333,13,80428
333,14,203810
333,15,254104
334,1,223978
334,2,92571
334,3,259720
334,4,95469
334,5,128582
334,6,130907
334,7,267155
334,8,297771
334,9,239804
334,10,211529
334,11,134054
334,12,80031
334,13,107936
334,14,171164
334,15,77861
335,1,115305
335,2,191770
335,3,233636
335,4,133062
335,5,120779
335,6,109709
335,7,104467
335,8,102079
335,9,279765
335,10,164361
335,11,137562
335,12,149317
335,13,262907
335,14,179279
335,15,296348
336,1,290420
336,2,224404
336,3,294166
336,4,173323
336,5,269848
336,6,266125
336,7,209704
336,8,144117
336,9,175865
336,10,203848
336,11,161277
336,12,101370
336,13,186839
336,14,204755
336,15,294874
337,1,126485
337,2,148493
337,3,107307
337,4,113074
337,5,140411
337,6,75254
337,7,173653
337,8,274784
337,9,126710
337,10,114511
337,11,267613
337,12,193183
337,13,298413
337,14,286066
337,15,217126
338,1,200461
338,2,103157
338,3,187329
338,4,170911
338,5,169497
338,6,97428
338,7,91794
338,8,158880
338,9,181108
338,10,104931
338,11,186448
338,12,107935
338,13,124794
338,14,214699
338,15,194626
339,1,118182
339,2,232045
339,3,143224
339,4,156239
339,5,154012
339,6,136177
339,7,175177
339,8,190399
339,9,154317
339,10,151240
339,11,287911
339,12,166568
339,13,291279
339,14,126808
339,15,278506
340,1,137434
340,2,295716
340,3,185828
340,4,211080
340,5,88434
340,6,193776
340,7,215942
340,8,237301
340,9,289484
340,10,170475
340,11,92613
340,12,124064
340,13,150288
340,14,127934
340,15,115753
341,1,175051
341,2,253048
341,3,137482
341,4,254035
341,5,214337
341,6,145757
341,7,213178
341,8,113913
341,9,264666
341,10,278309
341,11,184362
341,12,154652
341,13,229891
341,14,200262
341,15,169181
342,1,236323
342,2,150472
342,3,137185
342,4,247711
342,5,292083
342,6,179313
342,7,295991
342,8,203719
342,9,239087
342,10,145198
342,11,162077
342,12,76632
342,13,149838
342,14,237296
342,15,117502
343,1,280625
343,2,193210
343,3,111884
343,4,122200
343,5,149424
343,6,190512
343,7,122716
343,8,162055
343,9,263920
343,10,98451
343,11,184145
343,12,125892
343,13,216479
343,14,190739
343,15,158083
344,1,160256
344,2,204769
344,3,192589
344,4,145579
344,5,275387
344,6,268658
344,7,245533
344,8,204145
344,9,206639
344,10,288341
344,11,149798
344,12,207289
344,13,218606
344,14,281471
344,15,255514
345,1,299778
345,2,236841
345,3,166157
345,4,125226
345,5,225797
345,6,233495
345,7,196302
345,8,124540
345,9,194879
345,10,132545
345,11,179394
345,12,230087
345,13,200869
345,14,282836
345,15,199551
346,1,223329
346,2,282692
346,3,82449
346,4,205514
346,5,233775
346,6,261039
346,7,103316
346,8,194779
346,9,110865
346,10,298357
346,11,142824
346,12,138079
346,13,211949
346,14,280461
346,15,141423
347,1,147473
347,2,154335
347,3,215124
347,4,280743
347,5,184735
347,6,284659
347,7,117194
347,8,200406
347,9,165771
347,10,257733
347,11,237986
347,12,234528
347,13,163562
347,14,117692
347,15,102283
348,1,133582
348,2,134737
348,3,273404
348,4,247289
348,5,186190
348,6,163128
348,7,237241
348,8,274734
348,9,88642
348,10,157374
348,11,179125
348,12,230764
348,13,255838
348,14,100768
348,15,199691
349,1,152718
349,2,146611
349,3,180384
349,4,247808
349,5,119153
349,6,293520
349,7,272225
349,8,89399
349,9,179981
349,10,190361
349,11,117974
349,12,179779
349,13,219969
349,14,226308
349,15,163127
350,1,219968
350,2,252929
350,3,217119
350,4,185888
350,5,153361
350,6,291183
350,7,137557
350,8,161186
350,9,94375
350,10,201195
350,11,217378
350,12,214407
350,13,160122
350,14,164985
350,15,90893
351,1,237697
351,2,87216
351,3,118880
351,4,168547
351,5,282464
351,6,203644
351,7,201088
351,8,150072
351,9,215887
351,10,166669
351,11,201555
351,12,138992
351,13,134901
351,14,78413
351,15,241961
352,1,262856
352,2,89618
352,3,221814
352,4,130876
352,5,157535
352,6,153227
352,7,95009
352,8,93698
352,9,242962
352,10,222856
352,11,192594
352,12,281194
352,13,205057
352,14,117225
352,15,76282
353,1,135116
353,2,269532
353,3,122081
353,4,288423
353,5,259059
353,6,83970
353,7,212962
353,8,175459
353,9,188274
353,10,187167
353,11,297045
353,12,229618
353,13,149686
353,14,79215
353,15,129944
354,1,221488
354,2,293753
354,3,290550
354,4,96990
354,5,289447
354,6,100373
354,7,113101
354,8,240917
354,9,121941
354,10,208751
354,11,284811
354,12,102343
354,13,270299
354,14,270385
354,15,102884
355,1,86028
355,2,282743
355,3,217862
355,4,198305
355,5,183809
355,6,102455
355,7,241392
355,8,140921
355,9,149327
355,10,75799
355,11,88630
355,12,240458
355,13,289133
355,14,208821
355,15,258386
356,1,139357
356,2,209127
356,3,223390
356,4,92401
356,5,141528
356,6,253514
356,7,120773
356,8,234180
356,9,276461
356,10,208651
356,11,103786
356,12,115010
356,13,294796
356,14,155618
356,15,283869
357,1,127207
357,2,158381
357,3,175270
357,4,258836
357,5,171199
357,6,285030
357,7,228340
357,8,184963
357,9,181395
357,10,225111
357,11,110558
357,12,99542
357,13,84072
357,14,105657
357,15,270020
358,1,154665
358,2,159804
358,3,236481
358,4,292410
358,5,288006
358,6,110310
358,7,136330
358,8,80177
358,9,209002
358,10,129406
358,11,288650
358,12,116654
358,13,171437
358,14,221952
358,15,191027
359,1,229946
359,2,174983
359,3,195321
359,4,119132
359,5,126483
359,6,274610
359,7,263526
359,8,284994
359,9,247004
359,10,279766
359,11,207101
359,12,111551
359,13,153592
359,14,289819
359,15,176716
360,1,212210
360,2,245810
360,3,109506
360,4,299221
360,5,225350
360,6,200294
360,7,282682
360,8,138701
360,9,148330
360,10,111643
360,11,236216
360,12,283876
360,13,133192
360,14,118083
360,15,192571
361,1,160601
361,2,250973
361,3,242862
361,4,177025
361,5,293949
361,6,156343
361,7,297788
361,8,101909
361,9,91187
361,10,112416
361,11,220858
361,12,254741
361,13,155976
361,14,165770
361,15,256501
362,1,105184
362,2,283046
362,3,186510
362,4,109015
362,5,222039
362,6,206368
362,7,127497
362,8,95097
362,9,130323
362,10,214317
362,11,181214
362,12,285742
362,13,128449
362,14,283015
362,15,223791
363,1,98463
363,2,240504
363,3,135168
363,4,120456
363,5,203671
363,6,178216
363,7,247838
363,8,124193
363,9,242539
363,10,201173
363,11,173170
363,12,219698
363,13,297027
363,14,213224
363,15,181951
364,1,102240
364,2,153458
364,3,179707
364,4,235798
364,5,171787
364,6,174382
364,7,253798
364,8,237719
364,9,278263
364,10,134056
364,11,104935
364,12,280360
364,13,125275
364,14,101188
364,15,183746
365,1,248689
365,2,105019
365,3,82371
365,4,220168
365,5,220941
365,6,198927
365,7,267474
365,8,277110
365,9,78221
365,10,140588
365,11,137800
365,12,220776
365,13,115931
365,14,274217
365,15,274125
